Experiment_Number,Trial_Number,User_Judgement,skew,Kurtosis,Mean,Variance,SD,Max_time_Index,total_time,Total_distance,Total_distance_X,Total_distance_Y,Correct_output
1,1,TRUE,0.919523553,0.672844395,30,437.8181818,20.92410528,9,360,11931.42013,7672,4889.5,1
1,2,TRUE,2.095764589,3.649982457,32.25,132.3863636,11.50592733,10,387,8721.336397,5754,3126.5,1
1,3,TRUE,1.695579422,2.458704415,32.16666667,114.3333333,10.69267662,10,386,34028.63871,6713,27631.5,1
1,4,TRUE,0.593622519,-0.757945963,29.83333333,1023.060606,31.9853186,10,358,3773.227104,2877,1212.5,1
1,5,TRUE,1.493476527,1.56139446,32.41666667,174.6287879,13.21471861,10,389,53628.2271,6713,47231.5,1
1,6,TRUE,0.001595978,-1.409280314,32.25,749.1136364,27.36994038,5,387,58026.17279,2877,55467.5,4
1,7,TRUE,0.922541717,0.021745283,32.16666667,274.3333333,16.563011,9,386,72765.13871,5754,67327,1
1,8,TRUE,1.800338025,3.135323804,30.08333333,892.2651515,29.87080768,10,361,6646.281414,5754,1206.5,1
1,9,TRUE,0.19023316,-0.951510444,32.16666667,635.969697,25.21843962,10,386,64846.2271,4795,60367.5,4
1,10,FALSE,1.168717944,-0.010869589,29.66666667,1960.060606,44.27257171,9,356,2263,1918,345,2
1,11,FALSE,0.487960372,-0.224923026,29.83333333,576.8787879,24.0183011,10,358,5672.302314,4795,1034,3
1,12,FALSE,0.215129192,-0.86247575,34.83333333,669.4242424,25.87323409,12,418,235761.6728,4795,231285,4
1,13,FALSE,1.374099729,0.829378467,30.08333333,1921.174242,43.8312017,10,361,149800.3907,4795,145162.5,2
1,14,FALSE,0.531162673,-1.377265161,37.33333333,1864.060606,43.17476816,9,448,249252.409,3836,245860,4
1,15,FALSE,1.903797354,2.642951493,22.66666667,1580.787879,39.75912321,10,272,80765.5,1918,78847.5,2
1,16,TRUE,-1.46034222,1.843023403,31.25,145.2954545,12.05385642,10,375,168592.3364,4795,163956.5,3
1,17,TRUE,0.92024112,-0.198209236,33.75,1152.75,33.95217224,10,405,266724.4083,4795,262317.5,1
1,18,TRUE,0.489804425,-0.419045711,30.75,552.5681818,23.50676885,9,369,82385.5,5754,76631.5,1
1,19,FALSE,1.236289022,0.388110134,33.33333333,1644.060606,40.54701723,12,400,283858.763,4795,279897.5,3
1,20,TRUE,0.972650255,0.924832824,32.08333333,570.2651515,23.88022511,12,385,195284.3364,5754,189689.5,1
1,21,TRUE,-0.017401108,-0.569215475,33.41666667,456.0833333,21.35610764,12,401,269869.4083,4795,265462.5,1
1,22,FALSE,0.345710359,-0.619344159,32.91666667,545.719697,23.36064419,12,395,260202.9718,5754,255312.5,4
1,23,TRUE,0.850933809,0.051224544,29.83333333,1051.242424,32.42286885,9,358,4697.5,3836,861.5,1
1,24,TRUE,0.269537562,-0.94907473,32.5,693.1818182,26.32834629,10,390,324102.6728,3836,320585,1
1,25,FALSE,0.97558188,0.75118611,29.75,677.8409091,26.03537803,10,357,6001.5,4795,1206.5,3
1,26,TRUE,0.49796935,-0.759079567,31.58333333,385.5378788,19.63511851,10,379,178082,4795,173287,1
1,27,TRUE,0.923713489,-0.604866622,32.08333333,121.5378788,11.02442193,9,385,214688.5,5754,208934.5,1
1,28,TRUE,0.159721753,0.21955748,30.33333333,362.6060606,19.04221785,10,364,241033.675,5754,236062.5,1
1,29,FALSE,0.882571995,0.078887532,32.16666667,99.60606061,9.980283593,9,386,250403.8364,5754,244809,3
1,30,TRUE,0.274868177,-1.035714297,33.91666667,943.719697,30.72002111,10,407,465099.3364,3836,461422.5,1
1,31,FALSE,0.62549687,-0.101880612,33.33333333,955.8787879,30.91728947,12,400,386318.7814,6713,379920,4
1,32,FALSE,0.645964959,-1.165889349,36.91666667,2025.719697,45.00799592,5,443,832490.1728,3836,828972.5,3
1,33,FALSE,0.124159576,-1.670335286,35.08333333,1179.356061,34.3417539,4,421,569969.3364,3836,566292.5,3
1,34,TRUE,0.151186496,-1.366098942,34.41666667,929.1742424,30.48235953,5,413,552398.7271,4795,547920,1
1,35,FALSE,-0.056606241,-0.965963841,35.91666667,624.8106061,24.99621183,11,431,826419.8364,4795,821784,3
1,36,FALSE,1.166956487,0.086771801,40.08333333,2947.901515,54.2945809,12,481,951628.1911,6713,945520,2
1,37,TRUE,0.376827262,-1.266697031,34.91666667,1198.44697,34.61859283,10,419,715632,2877,712755,1
1,38,FALSE,1.059176385,-0.057685661,29.58333333,1461.537879,38.23006512,4,355,4241.16927,3836,690,2
1,39,FALSE,1.815489834,2.309325637,29.83333333,2894.878788,53.8040778,9,358,5769.390707,5754,172.5,2
1,40,TRUE,1.344364602,1.065433563,32.75,245.1136364,15.6561054,9,393,440428.1395,5754,435206.5,1
2,1,TRUE,0.173017063,-0.871749238,29.66666667,636.969697,25.2382586,2,356,3408.890707,2877,689,1
2,2,TRUE,1.024097959,0.303685109,32.5,213.5454545,14.61319454,10,390,25426.5,4795,20631.5,1
2,3,TRUE,-0.340045345,-1.225487562,29.91666667,447.5378788,21.15509108,10,359,4418.442124,3836,1206.5,1
2,4,FALSE,0.057816073,0.778961572,31.66666667,238.2424242,15.43510364,10,380,31518.13981,5754,26231.5,4
2,5,TRUE,-0.174522376,-0.204112453,32,364.1818182,19.08354836,12,384,47876.74473,5754,42670,1
2,6,TRUE,-0.069771873,-1.224108995,30.25,406.3863636,20.15902685,1,363,7302.442124,4795,3131.5,1
2,7,TRUE,0.320176094,-0.914791456,31,574.3636364,23.96588484,12,372,50498.74473,3836,47210,1
2,8,FALSE,1.274510588,0.529447607,29.91666667,1705.901515,41.30256064,2,359,6099,5754,345,2
2,9,FALSE,2.185314601,3.271614811,29.91666667,5462.265152,73.9071387,10,359,3836,3836,0,2
2,10,TRUE,0.091396366,-0.873905318,29.75,543.2954545,23.30869912,10,357,3642.059977,2877,1207,3
2,11,FALSE,1.535371293,1.036541224,34.16666667,3035.606061,55.09633437,12,410,177870,4795,173075,2
2,12,TRUE,0.075131888,-1.703150609,35.41666667,1029.174242,32.08074567,12,425,184494.5183,3836,180945,1
2,13,FALSE,0.715724323,-0.618988319,29,1180.181818,34.35377444,2,348,5941.890707,5754,345,2
2,14,FALSE,0.174789746,0.13752688,32.16666667,273.6060606,16.5410417,10,386,133786.3364,5754,128191.5,3
2,15,FALSE,1.262846891,0.350526468,39.5,3316.090909,57.58550954,12,474,597183.5,3836,593347.5,4
2,16,TRUE,0.907111876,-0.108339858,34.16666667,1587.424242,39.84249292,10,410,272569.3364,3836,268892.5,1
2,17,FALSE,2.747185338,5.996920407,29.75,5817.659091,76.27358056,10,357,3866.781414,3836,345,2
2,18,TRUE,0.575356776,-1.275995937,33.25,1550.568182,39.37725463,10,399,227051.3364,6713,220497.5,1
2,19,TRUE,0.464237612,-0.779298477,32.83333333,143.969697,11.99873731,8,394,232540.5,5754,226786.5,1
2,20,FALSE,-0.214274079,-0.234399151,34.25,286.5681818,16.92832484,10,411,341826.5,4795,337031.5,3
2,21,FALSE,1.182837285,-0.425892863,41.91666667,5046.628788,71.03962829,5,503,850526.5092,5754,845250,3
2,22,FALSE,0.66803581,-1.020876921,36.25,1887.113636,43.44092122,12,435,482208.3364,4795,477572.5,3
2,23,FALSE,0.698152609,-0.73974839,39.41666667,1800.992424,42.43810109,11,473,801144.3364,3836,797467.5,4
2,24,FALSE,1.221929025,0.281591876,35.66666667,2786.606061,52.78831367,12,428,742127,2877,739250,3
2,25,TRUE,0.194405861,-0.263220107,33.66666667,496.969697,22.29281716,12,404,381622.6693,4795,377112.5,1
2,26,TRUE,-0.24680826,-1.054484752,29.83333333,455.7878788,21.34918918,10,358,6960.5,5754,1206.5,1
2,27,FALSE,0.104192098,-0.87148171,33.66666667,598.0606061,24.45527767,12,404,421312.7271,5754,415875,4
2,28,TRUE,0.098568204,-1.157448778,29.83333333,647.4242424,25.44453266,2,358,4998.193022,4795,517,4
2,29,TRUE,0.074704529,-0.998279699,33.5,456.2727273,21.36054136,10,402,451467.5,3836,447631.5,1
2,30,FALSE,-0.191934067,-1.1331639,29.83333333,363.2424242,19.05891981,9,358,4499.0212,3836,1206.5,3
2,31,TRUE,1.035153717,-0.055455518,36.66666667,2601.515152,51.00505026,12,440,796249.3364,3836,792572.5,1
2,32,TRUE,0.933299676,0.497778805,30.25,777.8409091,27.88979937,3,363,98653.58373,6713,92411.5,1
2,33,FALSE,0.40080518,-0.790782365,31.75,558.0227273,23.62250468,10,381,179534.3364,5754,173939.5,4
2,34,FALSE,1.692547217,2.066814946,34.08333333,2747.901515,52.42043032,12,409,562383.6728,2877,559825,2
2,35,FALSE,1.238598482,1.810306649,31.08333333,622.9924242,24.95981619,12,373,520786.8907,5754,515190,1
2,36,TRUE,0.844516309,-0.054754682,32.91666667,687.9015152,26.22787668,10,395,396905.2271,5754,391467.5,1
2,37,TRUE,0.488165209,-1.255133033,29.83333333,1005.424242,31.70842542,8,358,3064.390707,2877,344.5,1
2,38,TRUE,0.237951703,-1.109259633,33.25,719.2954545,26.81968409,4,399,496202.8364,2877,493485,1
2,39,TRUE,0.061876497,-1.27154825,35.75,733.6590909,27.08614205,11,429,880069.6728,5754,874634,1
2,40,FALSE,-0.20550073,1.29724605,32.75,222.75,14.92481156,10,393,398801.3364,5754,393206.5,3
3,1,TRUE,0.408609186,-0.712329007,33.75,488.3863636,22.09946523,9,405,15765.63981,5754,10479,1
3,2,TRUE,0.652184034,-0.365386453,33.08333333,117.3560606,10.83310023,10,397,26669.80231,4795,22031.5,1
3,3,FALSE,0.732617857,-0.927628729,38.83333333,1827.424242,42.74838292,11,466,106828.3364,4795,102192.5,3
3,4,FALSE,1.409807874,0.428831071,31.66666667,2779.333333,52.7193829,4,380,68214.40897,6713,61945,2
3,5,FALSE,0.682324869,-1.434596311,39.75,2962.568182,54.42947898,12,477,189027.7906,7672,182147.5,3
3,6,TRUE,0.143141438,-1.222393488,32.75,807.6590909,28.4193436,12,393,71371.5,5754,65617.5,1
3,7,TRUE,0.235856952,-0.823406295,32.75,562.5681818,23.71851981,9,393,79109.78141,5754,73670,1
3,8,FALSE,0.338965284,-0.401117745,33.41666667,462.4469697,21.5045802,9,401,105987.1096,7672,98859,3
3,9,TRUE,0.733486198,-0.74877815,31.16666667,65.96969697,8.122173168,12,374,71320.69302,4795,66839.5,1
3,10,TRUE,-0.186948364,-1.330933513,28.58333333,441.719697,21.01712866,9,343,7940.223538,7672,1206.5,1
3,11,TRUE,-0.122555555,-0.438179955,32.08333333,382.9924242,19.57019224,12,385,114586.909,6713,108317.5,1
3,12,FALSE,0.814423842,0.2577592,28.33333333,736.7878788,27.14383685,10,340,3738,2877,861,4
3,13,TRUE,-0.138618548,-0.563357297,32,396.9090909,19.92257742,9,384,111015.3964,5754,105862.5,1
3,14,FALSE,1.85444073,1.550524845,28.91666667,4637.356061,68.09813551,9,347,4795,4795,0,4
3,15,TRUE,0.380792782,-0.968288802,29,708.9090909,26.62534678,2,348,6351.244439,5754,1378,1
3,16,TRUE,0.304072171,-0.765400581,30,488.1818182,22.09483691,10,360,73519.78141,5754,68080,1
3,17,FALSE,0.965613386,-0.910838922,29.08333333,2069.901515,45.49617034,10,349,5155.390707,4795,517.5,2
3,18,TRUE,0.821149071,-0.921114314,28.91666667,1344.265152,36.66422168,8,347,6286.302314,5754,689,1
3,19,TRUE,0.576308291,-0.497888839,32.41666667,930.4469697,30.50322884,12,389,296565.4083,3836,293117.5,1
3,20,TRUE,0.16566747,1.028597018,32.58333333,254.2651515,15.94569382,10,391,195471.693,5754,190031.5,1
3,21,FALSE,1.808040262,1.324210276,27.91666667,3807.537879,61.70525001,4,335,2877,2877,0,2
3,22,TRUE,0.636361378,-1.218538689,29.75,1062.75,32.59984663,2,357,6271,5754,517,3
3,23,TRUE,-0.062175008,-0.839372461,31.25,414.75,20.36541185,12,375,134930.2271,5754,129492.5,1
3,24,FALSE,0.067176493,-0.527192794,29.91666667,374.8106061,19.36002598,10,359,6336.442124,5754,1206.5,3
3,25,TRUE,0.228597367,-0.856848546,33.08333333,583.1742424,24.14900086,9,397,346187.5,4795,341392.5,1
3,26,TRUE,0.009519769,0.487131528,31.41666667,242.4469697,15.57070871,10,377,161694.6387,5754,156256.5,1
3,27,TRUE,1.228261249,0.761730218,32.83333333,208.6969697,14.44634797,10,394,290760.7814,6713,284362,1
3,28,TRUE,0.056441449,0.240544361,32.08333333,313.3560606,17.70186602,10,385,233620.193,7672,226262,1
3,29,TRUE,0.007205085,-0.63154651,33.58333333,462.8106061,21.5130334,12,403,392945.8907,6713,386390,1
3,30,FALSE,1.125368591,-0.354158375,29.5,2216.818182,47.08309869,4,354,4196.390707,3836,517.5,2
3,31,FALSE,1.483013167,0.822105027,29.66666667,2303.878788,47.99873736,3,356,6916.281414,6713,517.5,2
3,32,FALSE,0.403390598,-1.422306604,37.16666667,1519.969697,38.98678875,5,446,868807.5635,6713,862570,4
3,33,FALSE,0.12032692,-1.445569294,31.41666667,781.9015152,27.96250195,10,377,238593.8364,6713,232040,4
3,34,FALSE,2.053976312,3.085645061,29.75,3414.204545,58.43119497,10,357,4982.890707,4795,345,4
3,35,FALSE,1.029875375,-0.104117516,33.83333333,1912.151515,43.72815472,12,406,360513.1728,5754,355077.5,3
3,36,TRUE,-0.067591455,-1.175674461,31.83333333,588.5151515,24.25933123,12,382,258914.2271,6713,252517.5,1
3,37,FALSE,0.396969998,-1.413445005,38,1635.636364,40.44300142,11,456,704923.5635,5754,699645,3
3,38,FALSE,0.004427559,-1.20273805,31.66666667,586.969697,24.2274575,12,380,352873.3907,6713,346317.5,4
3,39,FALSE,0.9547602,-0.416761608,39.41666667,1631.537879,40.39229975,11,473,1194576.055,6713,1188409,3
3,40,FALSE,0.473121576,-0.947701295,35.5,1107.909091,33.28526838,9,426,872526,3836,868690,2
4,1,FALSE,0.699660406,-0.316619088,39.08333333,212.8106061,14.58802955,9,469,15603.42013,7672,8561.5,3
4,2,FALSE,0.613920545,-0.77013896,40.33333333,1889.515152,43.46855359,10,484,7702.781414,7672,345,2
4,3,FALSE,2.149520085,3.536804016,38.08333333,5741.356061,75.77173656,9,457,2877,2877,0,2
4,4,TRUE,1.057921362,0.1573579,41.83333333,2046.515152,45.23842561,10,502,6228.981528,5754,861.5,1
4,5,TRUE,0.517502131,0.192373831,44.83333333,664.1515152,25.77113725,10,538,69582.74473,6713,63417,1
4,6,TRUE,2.302898658,4.145568054,46.75,1339.840909,36.60383735,10,561,63820.03052,6713,57731.5,1
4,7,FALSE,0.772355851,-0.778003293,41.66666667,1974.242424,44.43244788,9,500,51474.40834,4795,47067.5,4
4,8,FALSE,1.587211019,2.763354286,42.25,1349.840909,36.74018112,10,507,129853.3023,5754,124256,4
4,9,FALSE,1.371772307,0.940781735,37.66666667,2811.515152,53.02372254,9,452,2263,1918,345,2
4,10,FALSE,2.115044085,3.19336019,18.08333333,1554.992424,39.43339225,9,217,0,0,0,4
4,11,FALSE,1.383120821,2.018725567,48.58333333,1205.901515,34.72609271,10,583,108032.3623,7672,100959,3
4,12,TRUE,0.842655591,-0.551225921,45.5,1241.545455,35.23557087,10,546,88064.55998,7672,80834.5,1
4,13,TRUE,0.912310089,-0.800635473,45.66666667,362.0606061,19.02789022,9,548,174931.7843,6713,168844.5,1
4,14,FALSE,1.277741306,0.731249393,41.25,721.4772727,26.86032898,10,495,171898.446,4795,167806.5,3
4,15,FALSE,1.834644109,2.548392789,40.33333333,572.6060606,23.92918847,10,484,147249.8907,4795,142612,1
4,16,FALSE,1.558723263,1.925404226,46.08333333,4036.810606,63.53590014,10,553,302340.2271,5754,296902.5,3
4,17,TRUE,0.407891284,-0.298019746,51.41666667,908.4469697,30.14045404,10,617,151804.2271,8631,143489.5,4
4,18,TRUE,2.277113938,4.230031807,51.33333333,1980.424242,44.50195774,10,616,219699.8907,4795,215062,1
4,19,TRUE,2.136558762,3.829874809,40.25,1438.204545,37.92366735,10,483,350889.0635,6713,344651.5,1
4,20,FALSE,2.257928198,3.709994607,27.5,4149.727273,64.41837682,10,330,3836,3836,0,2
4,21,FALSE,1.593518187,1.820393125,41.91666667,3227.901515,56.81462413,10,503,5484,4795,689,4
4,22,TRUE,1.084548828,0.810396895,42.58333333,1751.901515,41.85572261,10,511,6113.890707,5754,517,3
4,23,TRUE,1.126337416,0.455086918,47.66666667,733.5151515,27.08348485,10,572,258441.693,8631,250124.5,1
4,24,TRUE,1.633036067,1.692369352,44.75,1066.022727,32.65000348,10,537,217935.3364,6713,211381.5,1
4,25,TRUE,1.152349691,0.137236289,42.91666667,386.6287879,19.66287842,10,515,217816.7107,7672,210689.5,1
4,26,TRUE,1.170975171,0.717903778,49.25,719.4772727,26.82307351,10,591,290980.9212,8631,283131.5,1
4,27,FALSE,2.354013821,4.28379024,26.83333333,3811.424242,61.73673333,10,322,2877,2877,0,2
4,28,TRUE,1.731811193,2.118925034,42.08333333,845.1742424,29.07188061,10,505,280900.6693,5754,275431.5,1
4,29,TRUE,2.278894605,4.391471789,42.75,750.75,27.39981752,10,513,228799.8907,4795,224162,1
4,30,FALSE,1.63233344,1.588527968,33.33333333,3356.787879,57.93779318,10,400,6885.5,6713,172.5,2
4,31,TRUE,1.212135436,0.218436496,40.91666667,390.8106061,19.76893032,10,491,265113.3907,3836,261434.5,1
4,32,TRUE,1.036745257,0.14090733,49.5,1169.545455,34.19861773,4,594,355292.5,6713,348579.5,1
4,33,TRUE,0.933790166,-0.325962512,53.16666667,709.4242424,26.6350191,10,638,366366.7189,7672,359081.5,1
4,34,TRUE,0.445105275,-0.814509509,41.41666667,1476.265152,38.42219608,10,497,6916.193022,6713,517,1
4,35,FALSE,1.543833804,1.628990003,33,2145.454545,46.31905165,10,396,382624.5,2877,379747.5,3
4,36,TRUE,1.572350663,2.402528279,47,1514.727273,38.91949733,10,564,194323.1387,4795,189844,4
4,37,TRUE,2.517539989,5.207716653,43.5,1710.272727,41.35544374,10,522,460989.2086,6713,454979,1
4,38,TRUE,0.754872904,-0.717029057,38.33333333,866.969697,29.44434915,4,460,231222.8364,4795,226587,1
4,39,TRUE,2.047079843,3.581610743,42.25,1023.840909,31.99751411,10,507,443063.8907,5754,437467,3
4,40,TRUE,1.226580317,0.537394534,45.33333333,729.3333333,27.00617213,10,544,469417.8907,6713,462862,3
5,1,TRUE,0.72916279,-0.784428212,23,702.3636364,26.502144,7,276,4196.302314,3836,517,1
5,2,FALSE,1.909036687,3.079994312,19.5,738.4545455,27.17452015,9,234,16941.5,1918,15023.5,4
5,3,FALSE,1.033127584,0.41181052,24.83333333,578.6969697,24.05612125,8,298,7646.51826,959,6974,3
5,4,TRUE,0.698545782,0.230251652,27.5,334.8181818,18.29803765,8,330,21875.39071,1918,20114.5,1
5,5,TRUE,-0.266732292,0.034480675,27.5,174.6363636,13.21500525,8,330,42445.39071,3836,38766.5,1
5,6,FALSE,0.75775938,-0.154780038,24.83333333,626.8787879,25.03754756,8,298,5312,4795,517,3
5,7,TRUE,0.822965534,0.47702902,23.66666667,502.969697,22.42698591,8,284,6114.302314,5754,517,4
5,8,TRUE,-0.363773866,-0.282634267,27.83333333,191.969697,13.85531295,9,334,90608.39071,3836,86929.5,1
5,9,FALSE,0.296202375,-1.753104857,23.25,685.4772727,26.1816209,2,279,3581.390707,2877,861.5,2
5,10,FALSE,1.16839943,1.308567313,26.66666667,528.0606061,22.97956932,8,320,29372.5,3836,25536.5,4
5,11,TRUE,1.251288132,0.404498506,25.5,500.6363636,22.37490477,8,306,71576.69302,5754,66136.5,1
5,12,TRUE,0.824724776,-0.708562721,24.16666667,935.2424242,30.58173351,9,290,2434.5,1918,516.5,1
5,13,TRUE,0.193685797,-1.120124356,26.16666667,523.6060606,22.88244001,8,314,6285.890707,5754,689,1
5,14,FALSE,1.795957894,1.480496121,10,421.0909091,20.52049973,7,120,344.5,0,344.5,2
5,15,TRUE,0.776764092,-0.624075699,24,659.6363636,25.68338692,9,288,5154.890707,4795,517,1
5,16,FALSE,-0.327024055,-1.03953667,25.91666667,185.9015152,13.63457059,8,311,101059.3364,5754,95464.5,3
5,17,TRUE,0.40084453,0.626748757,27.5,240.0909091,15.49486719,8,330,153918.2271,4795,149439.5,1
5,18,TRUE,-0.141242712,-0.362454662,27.83333333,216.5151515,14.71445383,8,334,174293.3907,3836,170614.5,1
5,19,FALSE,0.396702652,-0.996541186,23.91666667,508.0833333,22.54070392,8,287,5312,4795,517,2
5,20,TRUE,0.226077118,-0.248649693,26.33333333,229.5151515,15.14975747,9,316,249093.3907,3836,245414.5,1
5,21,TRUE,0.20278541,-0.684305632,28.33333333,276.6060606,16.631478,12,340,261843,3836,258007,1
5,22,FALSE,0.622066959,-1.424083697,23.91666667,894.6287879,29.91034583,8,287,4180.5,3836,344.5,3
5,23,TRUE,-0.88735162,0.068114495,26.91666667,142.2651515,11.92749561,9,323,183211.4815,5754,177844,1
5,24,FALSE,0.358779493,-1.542517949,23,667.2727273,25.83162262,8,276,2120.604629,1918,516,2
5,25,FALSE,1.835765647,2.916837905,24.91666667,1138.265152,33.73818536,9,299,2449.890707,1918,689,4
5,26,FALSE,0.676929153,-0.970345002,24.33333333,785.6969697,28.03028665,9,292,2105.802314,1918,344.5,1
5,27,TRUE,0.63813367,-1.162109352,25.25,887.6590909,29.79360822,9,303,2435,1918,517,2
5,28,TRUE,0.211425414,-1.22460361,25.5,370.8181818,19.25663994,7,306,119996.8907,2877,117277,4
5,29,FALSE,0.44126,-0.667110156,25.5,528.0909091,22.98022866,9,306,5154.890707,4795,517,3
5,30,TRUE,0.714155332,-0.308737912,24.91666667,610.9924242,24.71826095,9,299,1476,959,517,1
5,31,TRUE,0.834355107,-0.861361506,24.25,970.0227273,31.14518787,2,291,5941.802314,5754,344.5,3
5,32,TRUE,0.626877494,-0.651184408,23.83333333,594.6969697,24.38640953,9,286,3236.890707,2877,517,1
5,33,TRUE,0.479625722,-1.398600397,20.91666667,586.9924242,24.22792654,9,251,3866.693022,3836,344.5,1
5,34,TRUE,0.355900475,-0.740226428,24.66666667,486.969697,22.0673899,9,296,7875.193022,7672,517,1
5,35,TRUE,0.176717892,-1.211747866,26.5,395.3636364,19.88375308,10,318,151347.5,3836,147511.5,4
5,36,FALSE,1.45998406,1.7780934,26.5,719.3636364,26.82095517,9,318,95006.39071,5754,89409.5,2
5,37,TRUE,0.875033294,-0.578206941,25.08333333,993.1742424,31.5146671,9,301,344.5,0,344.5,3
5,38,TRUE,1.954870677,3.514119238,24.58333333,955.1742424,30.90589333,9,295,4540.802314,3836,861.5,1
5,39,FALSE,0.872938625,-0.713941749,22.66666667,857.1515152,29.27715005,1,272,5941.802314,5754,344.5,3
5,40,TRUE,0.538922563,-1.313605805,23.91666667,822.9924242,28.68784454,9,287,2105.802314,1918,344.5,1
6,1,TRUE,1.205792543,1.629192218,39.08333333,325.3560606,18.03762902,10,469,14628.99534,6713,8386.5,4
6,2,FALSE,1.00365496,-0.738423173,16,619.4545455,24.8888438,2,192,1918,1918,0,2
6,3,FALSE,0.465413373,-1.525263729,37.33333333,1709.515152,41.34628341,1,448,4367.890707,3836,689,1
6,4,FALSE,0.659081284,-1.41740378,34.58333333,2163.537879,46.5138461,12,415,113674.1728,4795,109197.5,3
6,5,FALSE,0.593854634,-1.181346573,26.83333333,1002.333333,31.65964835,5,322,58079.3364,3836,54402.5,3
6,6,TRUE,1.357093251,1.619229816,38.25,375.6590909,19.38192691,9,459,47161.19302,6713,40762,1
6,7,TRUE,0.778543725,-0.310576029,40.91666667,373.9015152,19.33653317,3,491,63363.2271,6713,56966.5,1
6,8,TRUE,1.050954061,-0.243906009,37.33333333,2333.878788,48.31023481,4,448,7072.890707,6713,517,3
6,9,FALSE,1.742609357,1.167592131,16.91666667,1259.901515,35.49509142,10,203,3049.5,2877,172.5,2
6,10,TRUE,0.474536433,-1.089124597,40.41666667,1056.265152,32.5002331,10,485,115618.3999,6713,109540,1
6,11,TRUE,0.803093209,-0.473002572,42,636.5454545,25.22985245,10,504,178367.9751,8631,170212,1
6,12,TRUE,2.196344616,4.031305358,39.16666667,819.7878788,28.63193809,10,470,183817.8907,6713,177262,1
6,13,TRUE,-0.212658296,-0.174842502,40.83333333,369.7878788,19.22986944,10,490,171861.0294,7672,164662,2
6,14,TRUE,1.708288249,2.420014686,39.25,677.1136364,26.02140727,10,471,110024.1387,6713,103627,1
6,15,FALSE,0.578662469,-0.93259415,41.41666667,1693.719697,41.15482593,12,497,247207.0635,4795,242887.5,3
6,16,FALSE,1.98410958,3.000595038,24.83333333,1846.333333,42.96898106,10,298,2090.5,1918,172.5,2
6,17,TRUE,0.797981794,0.592174232,38.75,218.5681818,14.7840516,10,465,100331.3547,4795,95982,1
6,18,TRUE,-0.114479065,-1.272812052,40.66666667,923.6969697,30.39238342,10,488,185008.409,7672,177780,1
6,19,TRUE,0.178094899,-0.147194434,40.16666667,125.7878788,11.21551955,12,482,200854.1014,7672,193884,1
6,20,TRUE,1.374037676,0.843316504,39.83333333,396.1515152,19.90355534,12,478,210376.3179,6713,204209,1
6,21,TRUE,0.720619854,-0.709273345,41.83333333,567.4242424,23.82066839,12,502,344521.047,6713,338512,1
6,22,TRUE,0.176952455,-0.505455228,39.33333333,482.4242424,21.96415813,8,472,99601.0212,6713,93431.5,1
6,23,TRUE,0.630533188,-0.16428942,40.75,166.9318182,12.92020968,12,489,330907.5294,8631,322749.5,4
6,24,FALSE,0.560732646,-0.294856647,39.66666667,299.8787879,17.31700863,1,476,175176.9202,6713,169378.5,3
6,25,TRUE,0.493140838,-0.799819305,43.75,1565.113636,39.56151711,12,525,584398.8364,6713,577845,1
6,26,FALSE,1.21246768,0.07795477,47,4580,67.67569726,10,564,1272786.281,1918,1271182.5,4
6,27,TRUE,1.468005226,1.479581589,40.41666667,623.5378788,24.97074045,10,485,271058.8907,5754,265462,1
6,28,FALSE,1.561055966,1.519130801,44.83333333,4354.151515,65.98599484,10,538,639230.3364,2877,636512.5,3
6,29,FALSE,0.97829499,-0.545517836,47.5,3507.181818,59.22146417,12,570,1298121,959,1297162,3
6,30,TRUE,1.330095473,0.565160427,39.25,358.75,18.94069692,10,471,331801.7814,5754,326362,1
6,31,FALSE,0.829723963,0.206994127,40.83333333,1007.787879,31.74567496,10,490,461986.8907,5754,456390,4
6,32,FALSE,1.387133514,0.383255021,37.5,4077.727273,63.85708475,3,450,3851.390707,3836,172.5,2
6,33,FALSE,-0.113005739,-1.744338092,42.08333333,1498.628788,38.71212714,4,505,790207.8907,4795,785570,3
6,34,TRUE,0.903369202,-0.279147263,46.58333333,1898.992424,43.57743022,12,559,1174609.064,7672,1167412.5,1
6,35,TRUE,0.079293749,-1.405105117,41.08333333,1205.901515,34.72609271,12,493,546604.2271,6713,540207.5,4
6,36,TRUE,0.149724326,-0.279815458,39.75,452.9318182,21.28219486,3,477,282083.3364,3836,278406.5,2
6,37,FALSE,0.755521792,-0.715630443,40.25,356.75,18.88782677,10,483,367959.4751,4795,363639.5,1
6,38,TRUE,1.15632403,1.204277858,40.66666667,951.6969697,30.84958622,10,488,460372.693,7672,453014.5,1
6,39,FALSE,0.513428395,-0.213535912,43.41666667,861.719697,29.35506254,12,521,486615.9542,8631,478617.5,4
6,40,FALSE,1.125968887,0.250919739,40.25,1862.022727,43.15116137,10,483,385449.1721,6713,379207.5,1
7,1,FALSE,0.955085839,-0.851099982,11.16666667,299.0606061,17.29336885,2,134,1948.604629,1918,344,2
7,2,TRUE,1.471145094,1.489805409,39.66666667,429.1515152,20.71597246,10,476,24154.28141,5754,18714.5,1
7,3,TRUE,0.095962864,-1.050832402,38.58333333,229.9015152,15.16250359,3,463,26421.7271,3836,22902,1
7,4,FALSE,0.256511987,-1.653720053,25.58333333,692.4469697,26.31438712,11,307,64647,2877,61770,3
7,5,TRUE,-0.280961917,-0.923615664,41.66666667,680.4242424,26.08494283,12,500,81542.74473,4795,77295,1
7,6,FALSE,0.356652866,-1.478310375,28.41666667,990.2651515,31.4684787,4,341,109440.3364,2877,106722.5,3
7,7,FALSE,0.841086724,-0.803180739,23.91666667,953.719697,30.88235252,12,287,140092.8364,2877,137375,3
7,8,TRUE,1.779253065,2.539427729,37.58333333,432.2651515,20.79098727,9,451,79886.2271,6713,73489.5,1
7,9,TRUE,0.077278793,-1.378956215,37.16666667,931.7878788,30.52520072,9,446,7590.302314,6713,1034,4
7,10,TRUE,0.477678514,-1.104119086,40,1253.818182,35.40929513,12,480,116090.8907,6713,109535,1
7,11,TRUE,0.921247494,0.758278458,40.41666667,222.9924242,14.93293087,12,485,161120.4421,6713,155031.5,1
7,12,TRUE,-0.200356631,-1.271179735,41.5,272.2727273,16.50068869,3,498,174537.4542,6713,168457,1
7,13,FALSE,0.767901004,-0.692677494,46.66666667,3211.878788,56.67343988,12,560,440593.8999,8631,432597.5,4
7,14,FALSE,0.622346311,-1.242191524,40.16666667,2093.242424,45.75196634,10,482,461176.2271,1918,459574.5,4
7,15,TRUE,1.489410356,1.295562065,43.83333333,4543.424242,67.40492743,5,526,352301.5092,5754,347025,1
7,16,FALSE,1.345496059,1.239692592,40.33333333,2189.151515,46.78836944,12,484,381831.0664,6713,375905,2
7,17,FALSE,1.121786754,0.334793594,28.83333333,1379.969697,37.14794337,12,346,236998.5183,4795,232490,4
7,18,FALSE,1.593861974,0.757067348,16.66666667,900.2424242,30.00404013,6,200,10935.8364,4795,6300,2
7,19,FALSE,1.209246903,0.552231506,12.25,303.8409091,17.43103293,12,147,153924.8364,959,153125,3
7,20,TRUE,1.627330764,2.303938051,36.83333333,272.3333333,16.50252506,9,442,171582.3364,2877,168864.5,1
7,21,FALSE,0.789622449,-0.614904521,38,556,23.57965225,12,456,446353.1178,4795,442031.5,4
7,22,FALSE,0.829743468,-0.757743105,34.41666667,1382.628788,37.1837167,12,413,367886.8999,5754,362767.5,3
7,23,FALSE,1.084298937,-0.665833614,36.33333333,3082.060606,55.51630937,12,436,729935.6728,5754,724500,2
7,24,TRUE,1.480836491,1.255457481,35.58333333,344.9924242,18.57397169,12,427,250568.693,6713,244169.5,1
7,25,TRUE,-1.016026301,0.285709775,41.58333333,374.0833333,19.34123402,10,499,339966.0294,7672,332767,3
7,26,TRUE,-0.339449124,-0.690044401,39.33333333,553.5151515,23.52690272,2,472,280436.7271,6713,274040,3
7,27,TRUE,-0.509703558,-0.772796888,38.33333333,420.0606061,20.49538012,2,460,262411.193,6713,256012,1
7,28,FALSE,1.0453495,0.51265789,24.5,780.0909091,27.93010757,5,294,248674.3364,3836,244997.5,2
7,29,TRUE,0.649004854,-0.819158487,38.08333333,126.2651515,11.23677674,12,457,413088.693,6713,406689.5,1
7,30,TRUE,-0.111328037,-0.91707329,38.91666667,218.2651515,14.77379949,9,467,343537.4201,8631,335536.5,1
7,31,TRUE,-0.021978398,-0.135141804,38.58333333,254.4469697,15.95139397,10,463,215830.8907,8631,207357,1
7,32,TRUE,-0.33192983,-0.964522513,35.16666667,461.2424242,21.47655522,9,422,162751,5754,156997,1
7,33,FALSE,0.835567524,-1.179507502,18.25,762.5681818,27.61463709,9,219,1131.5,959,172.5,4
7,34,TRUE,0.167472411,-0.807983272,40.41666667,276.4469697,16.62669449,12,485,482976.3364,5754,477381.5,1
7,35,TRUE,0.005519344,-0.883392272,39.91666667,558.9924242,23.64302062,9,479,399856.7871,6713,393902,1
7,36,FALSE,1.501149236,0.59319907,12.25,426.0227273,20.640318,7,147,959,959,0,2
7,37,TRUE,0.714273398,-0.129818468,41.08333333,396.8106061,19.92010557,9,493,576430.8907,5754,570834,3
7,38,TRUE,1.126975058,0.793629577,38.25,389.4772727,19.73517856,9,459,259614.9751,6713,253377,1
7,39,TRUE,0.084962611,-1.505008007,40.91666667,944.6287879,30.73481394,12,491,498294.6728,6713,491900,1
7,40,TRUE,0.08333179,-0.893383567,40.16666667,832.8787879,28.85963943,9,482,415163.8907,8631,406690,1
8,1,TRUE,-0.284569181,-0.684340535,38.58333333,378.4469697,19.45371352,9,463,14274.58373,8631,6114.5,1
8,2,FALSE,0.579209933,-1.221562438,34.58333333,1594.265152,39.92825004,3,415,5499.390707,4795,861.5,4
8,3,FALSE,1.424740692,0.868944318,45.41666667,1234.083333,35.12952225,12,545,95211.36581,7672,88171.5,4
8,4,FALSE,-1.08928525,0.017992224,39.75,424.5681818,20.60505234,12,477,40246.17279,7672,32892.5,4
8,5,TRUE,0.765695662,-0.89451255,39,227.6363636,15.08762286,5,468,43909.61793,8631,36036.5,3
8,6,TRUE,1.410313026,1.237881404,42.91666667,3116.628788,55.82677483,10,515,148613.7454,5754,143462.5,1
8,7,TRUE,1.284972926,0.463271474,37.91666667,636.8106061,25.23510662,4,455,51809.54768,7672,44897,1
8,8,TRUE,0.879619678,-0.456728086,39.66666667,394.6060606,19.86469382,10,476,108654.1911,7672,101587,1
8,9,FALSE,1.334795189,0.386522046,40,246.5454545,15.70176597,10,480,83832.58373,7672,76631.5,1
8,10,FALSE,1.068084094,-0.237608312,24.58333333,1082.810606,32.90608767,4,295,5140,4795,345,4
8,11,TRUE,1.500411101,1.608481228,42.41666667,465.719697,21.58053977,12,509,181080.4119,7672,174109,1
8,12,TRUE,0.162323603,-0.357386587,38.58333333,77.17424242,8.784887161,9,463,112245.8023,6713,105689.5,1
8,13,TRUE,0.473635259,-1.307063186,40.08333333,264.6287879,16.26741491,1,481,125730.693,6713,119331.5,1
8,14,TRUE,0.363101583,-0.679058793,39.66666667,1027.515152,32.05487719,5,476,115393.8364,6713,108840,1
8,15,TRUE,0.960329983,-0.537013945,39.66666667,222.6060606,14.91998863,12,476,124882.4201,8631,116881.5,1
8,16,TRUE,1.598066192,0.907378377,39.58333333,4807.719697,69.33772203,4,475,127391.2271,9590,118117.5,3
8,17,TRUE,1.010135368,0.149042946,39.16666667,340.5151515,18.45305263,4,470,174933.7107,7672,167806.5,3
8,18,TRUE,1.755126809,2.234898559,38.66666667,635.5151515,25.20942585,10,464,162835.2271,4795,158356.5,1
8,19,FALSE,0.486388332,-1.52199672,20.91666667,584.0833333,24.16781606,5,251,327935.3364,2877,325217.5,3
8,20,FALSE,1.557201837,1.008966161,25.83333333,1807.787879,42.51808884,4,310,227304.3364,3836,223627.5,2
8,21,TRUE,0.20530487,-1.442680464,39.58333333,200.6287879,14.16434919,10,475,179360.193,9590,170084,1
8,22,FALSE,0.247775002,-0.97683361,37.83333333,919.2424242,30.31901094,12,454,338877.1728,6713,332482.5,3
8,23,TRUE,-0.110615815,-1.250983317,37.33333333,928.969697,30.4790042,8,448,6759.083729,6713,517,3
8,24,FALSE,-0.674654757,-0.109385682,39.33333333,320.2424242,17.8953185,10,472,214883.3364,3836,211206.5,3
8,25,TRUE,0.402059317,-0.969983099,38.91666667,806.0833333,28.39160674,5,467,199322.9542,6713,193242.5,1
8,26,FALSE,1.799355048,1.256315672,17.83333333,1739.242424,41.7042255,4,214,3836,3836,0,2
8,27,TRUE,-0.265236322,0.044690087,38.16666667,252.5151515,15.89072533,9,458,138910.8364,6713,132357,1
8,28,TRUE,0.542278783,-0.715474335,39,332.7272727,18.24081338,10,468,244570.0294,8631,236412,1
8,29,TRUE,0.630148077,0.040980201,38.75,344.9318182,18.57234014,9,465,221573.4201,7672,214531.5,1
8,30,TRUE,1.362508165,1.722471634,37.66666667,776.6060606,27.86765259,10,452,6996.781414,5754,1557,4
8,31,FALSE,1.672633603,0.993429748,30.08333333,2959.719697,54.40330594,3,361,3836,3836,0,2
8,32,FALSE,2.409765551,4.550225583,25.16666667,3017.060606,54.92777627,10,302,3222,2877,345,2
8,33,TRUE,0.25124115,-1.238006899,42.25,814.0227273,28.53108353,12,507,653445.1387,5754,648007,1
8,34,FALSE,1.091770445,-0.290584067,37.16666667,3407.060606,58.37003175,3,446,4841.172121,4795,517.5,2
8,35,TRUE,1.786746676,1.210928839,37.41666667,7173.901515,84.69888733,10,449,4967.5,4795,172.5,1
8,36,FALSE,1.614979971,2.006832068,38.5,1795.181818,42.369586,12,462,321458.8907,5754,315862,2
8,37,TRUE,0.321982863,-1.083356339,38.41666667,148.6287879,12.19134069,12,461,307944.6014,9590,299056.5,1
8,38,FALSE,-0.290008086,0.977386426,39.25,306.2045455,17.49870125,3,471,485287.941,5754,480006.5,3
8,39,TRUE,0.860761188,0.044392474,39.41666667,740.4469697,27.21115524,5,473,498679.5294,6713,492439.5,1
8,40,TRUE,1.892961393,3.33555715,35.91666667,987.5378788,31.42511541,10,431,301418.3023,6713,294862,4
9,1,FALSE,0.81930607,-0.249378296,35.41666667,773.719697,27.81581739,12,425,24728.94103,4795,20406.5,3
9,2,FALSE,0.866913853,-0.264066207,40.83333333,325.969697,18.0546309,12,490,36679.85466,8631,28494.5,4
9,3,TRUE,0.633626507,-0.780883564,35.58333333,583.9015152,24.1640542,1,427,26505.7271,6713,20109,1
9,4,FALSE,0.960063244,-0.353619403,41.25,618.9318182,24.87834034,10,495,65384.7271,7672,58029,3
9,5,TRUE,0.525712549,-1.434130168,38.66666667,448.6060606,21.18032249,10,464,35434.70302,6713,29729.5,1
9,6,TRUE,0.459112529,-1.096480242,38.75,485.1136364,22.02529538,8,465,44083.80231,5754,38486.5,1
9,7,FALSE,3.011224498,7.076564278,3.166666667,113.6060606,10.65861438,10,38,0,0,0,1
9,8,TRUE,1.05431557,-0.129050522,43.16666667,808.8787879,28.44079443,12,518,197418.9201,9590,188459,4
9,9,TRUE,2.347028955,4.701802156,40.25,1228.204545,35.04574932,12,483,103172.1178,8631,95014.5,1
9,10,FALSE,0.462472361,-0.910036283,38,313.4545455,17.70464757,3,456,82488.39071,8631,74014.5,3
9,11,FALSE,0.579431391,-0.904601842,40.16666667,464.6969697,21.55683116,10,482,127898.8907,7672,120384,2
9,12,FALSE,1.499594986,1.646346179,38.58333333,1174.44697,34.27020528,9,463,69223.39071,5754,63626.5,4
9,13,TRUE,1.977844852,3.328975119,43,1217.272727,34.88943575,12,516,222111.7814,7672,214754,1
9,14,FALSE,1.537554064,1.800739254,40.58333333,502.4469697,22.4153289,12,487,184971.3364,8631,176499.5,3
9,15,TRUE,0.680594669,-0.091534381,40,623.4545455,24.96907178,10,480,135697.3364,9590,126266.5,4
9,16,FALSE,0.941757885,-0.726839232,40.41666667,450.9924242,21.23658222,12,485,171935.2271,9590,162661.5,3
9,17,FALSE,0.832112951,-0.02935796,43.5,951.5454545,30.84713041,10,522,340086.6729,6713,333976.5,4
9,18,FALSE,0.882266078,-0.508015035,39.75,1122.386364,33.50203522,7,477,214296.5294,6713,208056.5,3
9,19,FALSE,0.39954855,-0.690120217,40.58333333,492.6287879,22.19524246,10,487,238763.8364,5754,233169,1
9,20,TRUE,0.132357661,-1.122464157,38.75,221.2954545,14.87600264,9,465,148029.3907,7672,140514.5,1
9,21,TRUE,1.098975668,0.426901383,41,322,17.94435844,12,492,272627.3364,7672,265114.5,1
9,22,TRUE,1.646866422,1.492289775,38.08333333,687.9015152,26.22787668,10,457,184170.3907,6713,177614.5,1
9,23,TRUE,1.375651684,1.461616529,41.66666667,509.6969697,22.57646938,12,500,336318.5,5754,330564.5,1
9,24,TRUE,1.460589454,0.959069031,38.83333333,594.6969697,24.38640953,10,466,192672.2814,7672,185314.5,1
9,25,FALSE,-0.001324909,-0.176001562,40.66666667,278.6060606,16.69149666,10,488,338376.2814,5754,332936.5,2
9,26,TRUE,0.554559504,-0.965874652,39.25,340.9318182,18.46433909,9,471,215689.7271,5754,210252,1
9,27,TRUE,0.577440996,-1.112841913,37.41666667,1310.628788,36.20260747,8,449,8062.995336,7672,861.5,4
9,28,FALSE,1.50089651,1.482849734,40.66666667,903.6969697,30.06155302,12,488,301715.5837,7672,294514.5,3
9,29,FALSE,0.566446325,-0.274367712,37.08333333,1132.810606,33.65725191,7,445,5574.281537,4795,1378,2
9,30,TRUE,1.455740107,1.168696902,41.16666667,675.2424242,25.98542715,7,494,458725.2271,7672,451369.5,1
9,31,FALSE,0.610774205,-0.772699987,38.25,436.0227273,20.88115723,10,459,180702.0635,6713,174464.5,1
9,32,FALSE,0.740736098,-0.64820471,40.16666667,397.969697,19.94917785,2,482,197922.3364,7672,190409.5,2
9,33,FALSE,0.535215588,-0.830475542,40.75,260.0227273,16.12522022,8,489,364174.6387,5754,358736.5,2
9,34,TRUE,1.287849248,0.734668139,43.16666667,863.969697,29.39336144,12,518,805501.3907,7672,797986.5,1
9,35,TRUE,0.93083615,1.229397031,40.25,626.75,25.03497553,10,483,190780.9201,7672,183739,1
9,36,TRUE,1.451168076,0.649400821,38.25,1039.113636,32.23528558,9,459,246065.5294,5754,240784.5,1
9,37,FALSE,0.316015203,-1.370350442,43.5,972.6363636,31.18711855,10,522,833310.4751,5754,828031.5,3
9,38,TRUE,1.311430662,0.448501405,41.66666667,798.969697,28.26605202,10,500,550793,5754,545039,1
9,39,FALSE,0.199982938,-0.886443543,40.66666667,486.969697,22.0673899,2,488,525626.5294,6713,519386.5,2
9,40,TRUE,0.444153004,-0.844503532,37.58333333,1118.810606,33.44862637,7,451,115405.5,3836,111569.5,1
10,1,TRUE,0.91984001,-0.238720568,37.41666667,339.1742424,18.41668381,12,449,15226.02942,9590,6109,1
10,2,TRUE,0.072944475,-1.23068532,37.41666667,243.719697,15.61152449,12,449,36497.02942,6713,30257,1
10,3,TRUE,1.34005355,0.85471504,41.75,554.0227273,23.53768738,9,501,48967.5,3836,45131.5,1
10,4,TRUE,1.184284768,2.00829473,36.25,375.2954545,19.37254383,9,435,37968.80231,3836,34289.5,1
10,5,FALSE,0.737787096,-0.847682339,42.91666667,742.9924242,27.25788738,12,515,116321.2107,5754,111112,4
10,6,FALSE,0.796992509,-0.59283925,42.08333333,2661.356061,51.5883326,12,505,144555.2271,5754,139117.5,3
10,7,TRUE,0.635696079,-0.912302755,44.08333333,1895.537879,43.53777531,12,529,149171.3364,6713,142617.5,1
10,8,TRUE,1.359635181,0.626968507,41.25,307.2954545,17.52984468,12,495,133380.8364,6713,126827,1
10,9,FALSE,-0.135877219,-1.018715508,41.25,601.6590909,24.5287401,12,495,105194.299,6713,99026.5,4
10,10,TRUE,0.675540918,0.077254486,40.08333333,204.9924242,14.3175565,9,481,110425.0837,7672,103224,1
10,11,FALSE,0.20618523,0.531008071,41.08333333,464.2651515,21.54681302,9,493,175544.0085,9590,166584.5,3
10,12,FALSE,-0.175163097,-0.369298335,37.75,362.2045455,19.03167217,10,453,100792.193,7672,93434,4
10,13,FALSE,0.281867991,-0.921750318,39.33333333,576.969697,24.02019352,5,472,113212.2271,7672,105856.5,3
10,14,TRUE,0.368604363,-1.339898754,40.08333333,108.9924242,10.43994369,12,481,155849.5837,8631,147689.5,1
10,15,TRUE,-0.153526939,-1.389790816,38.58333333,172.0833333,13.11805372,2,463,102615.2235,7672,95881.5,1
10,16,FALSE,-0.260287995,-1.002466581,39.16666667,600.8787879,24.51282905,3,470,147620.4725,7672,140867.5,1
10,17,FALSE,1.000423858,-0.734065643,33.58333333,2603.537879,51.0248751,10,403,1836.890707,959,1035,2
10,18,TRUE,0.632816671,-1.027192154,40.33333333,1814.060606,42.59179036,10,484,221835.8632,7672,215240,1
10,19,FALSE,2.138979949,3.659417505,42.75,897.2954545,29.95489033,12,513,352042.0212,5754,346831.5,3
10,20,FALSE,-0.501877645,-0.65713629,39,520,22.8035085,9,468,215042.5,3836,211206.5,4
10,21,FALSE,0.612056931,-0.852366114,33.5,1108.454545,33.293461,9,402,4870,3836,1034,3
10,22,TRUE,0.763559008,-0.963199709,34.41666667,170.0833333,13.04160011,9,413,207038.0294,5754,201757,1
10,23,TRUE,1.697136996,2.597815552,38.33333333,226.0606061,15.03531197,12,460,155054.1398,9590,145931.5,1
10,24,FALSE,0.132233308,-1.624997832,42.41666667,1423.537879,37.72980094,10,509,519666.3396,6713,514125,2
10,25,TRUE,0.032466218,-0.934083249,38.16666667,505.2424242,22.47759828,1,458,77035.5,4795,72240.5,1
10,26,FALSE,1.298012643,0.856665937,40.25,2686.931818,51.83562306,9,483,512548.0057,2877,510115,3
10,27,TRUE,0.459311314,-0.963304408,40.33333333,283.8787879,16.84870285,12,484,424397.602,8631,416524,1
10,28,TRUE,1.976945423,3.354096282,41.83333333,2703.424242,51.99446357,12,502,446728.9146,5754,441862.5,1
10,29,TRUE,2.002667178,3.214029074,37.25,429.1136364,20.7150582,10,447,299562.8364,4795,294927,1
10,30,FALSE,0.121383897,-1.270063876,34.33333333,887.6969697,29.7942439,10,412,8031.890707,7672,517,2
10,31,FALSE,0.734174776,-1.149577763,48.91666667,4307.174242,65.62906553,5,587,1220180.836,4795,1215545,3
10,32,FALSE,0.632710828,-0.515235999,39.66666667,1231.151515,35.08776874,3,476,282623.3907,1918,280862.5,2
10,33,FALSE,0.645178206,-0.217278613,40.41666667,1462.265152,38.23957572,10,485,524286.8364,3836,520610,3
10,34,TRUE,1.394609081,1.284267784,36.75,1083.295455,32.91345401,10,441,30428.80231,5754,24831.5,1
10,35,FALSE,1.770560725,2.209026196,39,3241.090909,56.93057974,9,468,263349,5754,257595,4
10,36,FALSE,0.258331731,-0.443753447,39.91666667,749.1742424,27.37104752,5,479,334059.3907,5754,328462.5,4
10,37,TRUE,0.948481699,-0.54292278,38.16666667,259.4242424,16.10665212,8,458,486001.5294,6713,479761.5,1
10,38,TRUE,1.259342748,0.589448237,39.75,879.4772727,29.65598207,4,477,288024.2235,8631,280331.5,1
10,39,FALSE,0.275516813,-1.558764087,44.16666667,1815.969697,42.61419596,4,530,1031226.909,6713,1024957.5,2
10,40,FALSE,0.347660507,-1.118872871,44.5,1429.727273,37.81173459,12,534,1112019.836,4795,1107384,2
11,1,FALSE,0.888347291,-0.628272667,36.58333333,2163.537879,46.5138461,2,439,4982.390707,4795,344.5,2
11,2,FALSE,-0.565940574,0.114703163,39.5,317.7272727,17.82490597,3,474,20170.5,959,19211.5,3
11,3,FALSE,1.244698399,0.239254078,37.08333333,2227.174242,47.19294696,7,445,4584.16927,3836,1033,2
11,4,FALSE,0.870517907,-0.498952718,46.66666667,2211.333333,47.02481614,12,560,49909.63981,1918,48459,3
11,5,TRUE,1.35391404,1.020240685,40,852.9090909,29.20460736,3,480,52651.39637,4795,48457.5,1
11,6,FALSE,0.181550112,-0.80050013,38.58333333,607.1742424,24.64090588,7,463,20363.5,2877,17486.5,4
11,7,FALSE,0.764969463,0.110595576,38.58333333,357.5378788,18.90867205,8,463,59584.39071,2877,56864.5,4
11,8,FALSE,0.02192987,-0.483926259,40.08333333,205.1742424,14.32390458,9,481,104206.8023,2877,101486.5,3
11,9,TRUE,0.432336198,-0.849955637,38.91666667,676.2651515,26.00509857,5,467,56345.39071,1918,54584.5,1
11,10,FALSE,1.307511699,1.635290287,38.83333333,386.6969697,19.66461212,9,466,55511.39071,2877,52791.5,3
11,11,FALSE,0.548380757,-0.826675223,45.08333333,1382.810606,37.18616149,12,541,152613.193,1918,151009,3
11,12,FALSE,0.10659836,-1.097399494,43.16666667,625.6060606,25.01211828,9,518,284791.5,2877,281914.5,3
11,13,TRUE,-0.32448214,-0.758208856,39.75,370.5681818,19.25014758,2,477,153541.5,2877,150664.5,1
11,14,TRUE,-0.069858462,-0.720586579,36.66666667,700.7878788,26.47239843,1,440,3237.302314,2877,517,1
11,15,FALSE,0.791228921,0.345516281,38.33333333,632.6060606,25.15166119,10,460,85473.5,959,84514.5,4
11,16,TRUE,0.536317389,-0.880599493,39,164.5454545,12.82752722,10,468,76378.39071,2877,73658.5,1
11,17,FALSE,-0.035297836,-0.484681229,39.58333333,460.9924242,21.47073413,10,475,242995.693,4795,238514.5,3
11,18,TRUE,-0.061192177,-0.206452723,38.75,389.1136364,19.72596351,8,465,117436.693,3836,113914.5,1
11,19,FALSE,0.240422461,-1.258583585,35.83333333,873.4242424,29.55375175,9,430,5229.390707,3836,1550.5,4
11,20,TRUE,1.040839033,-0.399718443,36.66666667,1790.606061,42.31555341,2,440,1476,959,517,1
11,21,TRUE,0.310390524,-1.250456686,39.08333333,263.719697,16.23944879,10,469,179634.3907,2877,176914.5,1
11,22,FALSE,1.327585132,0.939582705,39.08333333,338.6287879,18.40186914,2,469,168613.693,6713,162214.5,4
11,23,FALSE,-0.21615372,-1.364791854,39.33333333,613.1515152,24.76189644,7,472,300551.5,2877,297674.5,2
11,24,TRUE,-0.456638838,-0.758933159,36.41666667,360.2651515,18.98065203,2,437,3584.802314,2877,864.5,1
11,25,FALSE,0.055996657,-0.809132797,38.91666667,118.8106061,10.9000278,1,467,240616.3364,3836,236939.5,3
11,26,TRUE,0.846796655,-0.474091224,37.25,1231.113636,35.08722896,8,447,3582.302314,2877,862,1
11,27,TRUE,0.863380216,0.03107864,38.25,203.4772727,14.264546,10,459,247173.5,959,246214.5,1
11,28,FALSE,-0.088611389,-1.615228635,36.41666667,966.4469697,31.08773021,3,437,3394,2877,517,2
11,29,TRUE,-0.794486874,0.008725616,37.91666667,293.9015152,17.14355608,7,455,184517.5,959,183558.5,1
11,30,TRUE,1.696903414,1.469980521,44.25,955.2954545,30.90785425,12,531,717639.3024,2877,715203.5,1
11,31,TRUE,1.034215801,0.077972649,39.91666667,254.0833333,15.93999164,7,479,296184.8023,2877,293464.5,1
11,32,FALSE,-0.166620853,-0.385529681,38.83333333,385.4242424,19.63222459,2,466,294622.2814,2877,292059.5,2
11,33,TRUE,0.726766988,0.9520471,38,509.4545455,22.57109978,1,456,192893.5866,7672,186004,1
11,34,FALSE,0.581351184,-1.171059824,34.83333333,1437.424242,37.91337815,2,418,4083,2877,1206,2
11,35,TRUE,0.458544352,-1.199413748,38.41666667,209.9015152,14.4879783,10,461,272922.1046,2877,270358.5,1
11,36,TRUE,1.698067278,2.543451408,38.25,273.1136364,16.52615008,10,459,241675.8023,1918,239914.5,1
11,37,TRUE,1.201363403,0.177332742,38.83333333,451.4242424,21.24674663,10,466,131775.3907,1918,130014.5,1
11,38,FALSE,1.829023267,2.663617639,39.33333333,653.3333333,25.56038602,10,472,333014.5,0,333014.5,4
11,39,TRUE,0.270460612,-1.4844158,36.83333333,1210.515152,34.79245826,8,442,8077.974436,7672,1034,1
11,40,TRUE,1.721810967,2.291027403,41.33333333,530.7878788,23.03883415,12,496,327511.693,4795,323030.5,1
12,1,FALSE,2.376516883,4.491859368,39.33333333,513.6969697,22.66488407,10,472,10255.28141,2877,7692.5,3
12,2,TRUE,1.436925474,1.581830193,38,566,23.79075451,10,456,12930,1918,11012,1
12,3,TRUE,2.391000693,4.843726664,39.75,941.1136364,30.67757546,10,477,34677.71889,2877,32187.5,1
12,4,FALSE,0.717507117,-0.329414939,42.5,1604.636364,40.05791262,12,510,77341.39071,3836,73662.5,3
12,5,FALSE,0.873788102,-0.080432126,42.16666667,1269.424242,35.62898037,10,506,108769.9083,1918,107240,4
12,6,TRUE,0.557841015,-1.172936068,45,2768.727273,52.61869699,10,540,176215.5,1918,174297.5,1
12,7,TRUE,1.327517729,1.892930032,40.08333333,840.6287879,28.99359908,10,481,82229,0,82229,1
12,8,FALSE,-0.034438358,-1.413374802,41.75,1184.386364,34.41491484,12,501,129490,0,129490,2
12,9,TRUE,2.001536911,3.274992585,40.41666667,845.9015152,29.08438611,10,485,113395.8907,1918,111635,1
12,10,TRUE,1.8939166,3.414129014,40.25,410.0227273,20.24901793,10,483,107572.8907,1918,105812,1
12,11,TRUE,1.669325198,3.050259886,41.25,973.1136364,31.19476938,10,495,185776.5,0,185776.5,4
12,12,TRUE,1.939073927,3.784203287,38.83333333,1264.69697,35.56257822,10,466,88890,0,88890,4
12,13,TRUE,0.763241813,-0.296080257,38.83333333,464.5151515,21.55261357,10,466,96412,0,96412,1
12,14,TRUE,0.499799637,-1.227369125,45,2118.363636,46.02568453,12,540,405037.3907,2877,402317.5,3
12,15,TRUE,1.619415357,1.82397913,35.41666667,1025.901515,32.02969739,4,425,75703.30231,1918,73942,1
12,16,TRUE,1.178389345,0.568822385,39.16666667,313.2424242,17.698656,10,470,124326.5,0,124326.5,1
12,17,TRUE,1.282843969,0.308246104,39.33333333,218.0606061,14.7668753,10,472,117988.6096,4795,113737.5,1
12,18,TRUE,0.712689083,-0.830410289,42.25,1553.659091,39.41648248,10,507,338066.6354,3836,334935,3
12,19,FALSE,0.478650339,-0.762851141,43,869.0909091,29.48034785,12,516,401847.8722,2877,399514.5,3
12,20,FALSE,1.510968411,1.452602995,47.33333333,4095.878788,63.99905302,12,568,708549,959,707590,2
12,21,FALSE,0.734678338,-1.146033113,47.58333333,2970.992424,54.50681081,12,571,779790,0,779790,3
12,22,FALSE,0.871689857,-0.477116527,42.16666667,2925.424242,54.08719111,10,506,315935,0,315935,3
12,23,TRUE,2.333447985,4.90469175,38,1223.818182,34.98311281,10,456,155802.8907,1918,154042,1
12,24,TRUE,1.711692993,2.193510966,42.41666667,926.9924242,30.44655028,10,509,489360.5183,1918,487729,1
12,25,FALSE,0.393713907,-0.818961547,41.33333333,698.0606061,26.42083659,10,496,452428.5866,5754,447457,4
12,26,TRUE,1.028623064,0.178165287,42.5,673.7272727,25.95625691,12,510,519559,0,519559,1
12,27,FALSE,0.878596669,0.020729007,43.33333333,600.2424242,24.49984539,12,520,582557.799,5754,577349,4
12,28,TRUE,1.435703466,1.678450578,40.66666667,463.8787879,21.53784548,12,488,433835.2814,1918,432231.5,1
12,29,FALSE,1.694942199,2.406594325,36.91666667,1860.44697,43.13289893,10,443,154610.3023,1918,152849,2
12,30,TRUE,1.114662438,-0.001774588,41.41666667,565.3560606,23.77721726,10,497,475292.8023,1918,473531.5,1
12,31,FALSE,0.987154132,-0.498630253,45.08333333,3356.992424,57.93955837,12,541,1163742,2877,1160865,3
12,32,FALSE,0.562179061,-1.36070718,46.66666667,3116.424242,55.82494283,12,560,729439.2271,1918,727837.5,2
12,33,TRUE,1.36188779,1.509730786,38.41666667,492.6287879,22.19524246,10,461,220326.5,0,220326.5,1
12,34,FALSE,0.758103698,-0.758495742,34,1370.363636,37.01842293,10,408,2622.390707,1918,861.5,2
12,35,FALSE,0.743134179,-1.004477112,38.08333333,1619.901515,40.24800014,9,457,17305.39071,3836,13626.5,2
12,36,TRUE,1.188869644,-0.065434804,38.66666667,2313.69697,48.10090404,4,464,216283,1918,214365,1
12,37,TRUE,0.850702997,-0.832519437,44.58333333,682.4469697,26.12368599,12,535,883821.8023,2877,881101.5,1
12,38,TRUE,0.304783754,-1.374431701,41.58333333,558.2651515,23.62763533,12,499,590398.0183,4795,585889.5,1
12,39,TRUE,1.633807497,2.551678645,40.08333333,545.9015152,23.36453541,10,481,453260.9083,2877,450772,1
12,40,TRUE,1.03152271,0.144469663,41.16666667,1045.606061,32.33583246,10,494,268777,1918,266859,4